,test,"2024/04/24 07:52",08a3d11e,test
,test,"2024/04/24 07:53",08a3d11e,aa
,test,"2024/04/24 07:54",08a3d11e,test
,test,"2024/04/24 07:55",08a3d11e,test
,test,"2024/04/24 07:56",08a3d11e,test
26e52372-9153-4b94-aedc-e7b2b92ff0ea,test,"2024/04/24 07:58",08a3d11e,test
5c00de64-f3af-442e-8695-41754c5881fa,testaaa,"2024/04/24 08:01",08a3d11e,test
626354df-f1b3-4626-b83a-7b8cd87d766f,stetst,"2024/04/24 08:03",08a3d11e,testst
721c2cf4-a4e4-4c1f-a5de-72dc54a9f31d,ttestsets,"2024/04/24 08:04",08a3d11e,setsetst
52c00c62-0349-4925-8b17-bf99f394e06a,test,"2024/04/24 08:08",08a3d11e,testst
c7a49d1b-1fe0-4407-854c-ec40ce294cac,tests,"2024/04/24 08:25",08a3d11e,setset
74313aba-2474-4d27-8f30-d4718b971511,tset,"2024/04/24 08:40",08a3d11e,setset
